                  epoch,             train/loss,  metrics/accuracy_top1,  metrics/accuracy_top5,               val/loss,                 lr/pg0,                 lr/pg1,                 lr/pg2
                      1,                 0.6438,                0.92449,                      1,                0.84851,             0.00023733,             0.00023733,             0.00023733
                      2,                0.20567,                0.96644,                      1,                0.79848,             0.00024004,             0.00024004,             0.00024004
