                  epoch,             train/loss,  metrics/accuracy_top1,  metrics/accuracy_top5,               val/loss,                 lr/pg0,                 lr/pg1,                 lr/pg2
                      1,                0.19472,                 0.9957,                      1,                0.74862,             0.00023785,             0.00023785,             0.00023785
                      2,                0.02495,                0.99821,                      1,                0.74642,              0.0002403,              0.0002403,              0.0002403
